SECTOR_ID,NCELL_ID,RATIO_ALL,RANK,COSITE
15113-129,253890-1,51.44422311,1,0
15113-129,253914-1,26.14541833,2,0
15113-129,253899-0,7.021912351,3,0
15113-129,253935-1,5.079681275,4,0
15113-129,259775-1,0.398406375,5,0
15113-129,253904-1,0,6,0
15113-129,253936-1,0,7,0
238397-1,253931-0,30.77099587,1,0
238397-1,259772-2,21.24827903,2,0
238397-1,253927-2,20.88113814,3,0
238397-1,253921-2,3.579623681,4,0
238397-1,238397-0,2.730610372,0,1
238397-1,238397-2,0.137677834,0,1
238397-1,253904-1,0,5,0
238397-1,15578-130,0,6,0
238397-2,253893-0,12.60069045,1,0
238397-2,7400-130,11.04718067,2,0
238397-2,238397-1,5.523590334,0,1
238397-2,259772-2,0.057537399,3,0
238397-2,259778-1,0.057537399,4,0
238397-2,5641-129,0,5,0
238397-2,253905-1,0,6,0
238397-2,253806-1,0,7,0
238397-2,253930-129,0,8,0
253890-0,253934-1,30.72060683,1,0
253890-0,15113-129,10.87231353,2,0
253890-0,253890-2,2.93931732,0,1
253890-0,253890-1,1.801517067,0,1
253890-0,15113-128,0.442477876,3,0
253890-0,15113-130,0.094816688,4,0
253890-0,253914-2,0.031605563,5,0
253890-1,253935-0,15.74433657,1,0
253890-1,15113-129,14.54692557,2,0
253890-1,253899-0,13.55987055,3,0
253890-1,253914-1,13.1175836,4,0
253890-1,253935-1,3.12837109,5,0
253890-1,253890-2,2.292340885,0,1
253890-1,259772-0,2.206040992,6,0
253890-1,253890-0,2.060409924,0,1
253890-1,253909-2,1.68824164,7,0
253890-1,259775-1,1.558791802,8,0
253890-1,253891-2,1.510248112,9,0
253890-1,253907-0,0.782092772,10,0
253890-1,253934-1,0.636461704,11,0
253890-1,253899-2,0.194174757,12,0
253890-1,253909-1,0.005393743,13,0
253890-1,253924-0,0,14,0
253890-1,253891-0,0,15,0
253890-1,253914-2,0,16,0
253890-1,253936-1,0,17,0
253890-1,253921-0,0,18,0
253890-1,253905-1,0,19,0
253890-2,253890-1,8.683998928,0,1
253890-2,253890-0,5.02992942,0,1
253890-2,253912-2,2.702581971,1,0
253890-2,253914-2,0.714732422,2,0
253890-2,253934-1,0.625390869,3,0
253890-2,253935-0,0.56731886,4,0
253890-2,253912-0,0.558384705,5,0
253890-2,253936-1,0.084874475,6,0
253890-2,259775-1,0.07594032,7,0
253890-2,15113-129,0.040203699,8,0
253890-2,259772-2,0.026802466,9,0
253890-2,124924-2,0,12,0
253890-2,253894-0,0,13,0
253890-2,253895-1,0,14,0
253890-2,253912-1,0,15,0
253890-2,253892-1,0,16,0
253890-2,253892-0,0,10,0
253890-2,15113-130,0,11,0
253891-0,253908-0,19.5535953,1,0
253891-0,253909-1,19.17936381,2,0
253891-0,253891-2,5.773857257,0,1
253891-0,253908-1,5.707030206,3,0
253891-0,253899-0,0.895482491,4,0
253891-0,253899-1,0.601443464,5,0
253891-0,259782-0,0.133654103,6,0
253891-0,259782-2,0.093557872,7,0
253891-0,253924-0,0.093557872,8,0
253891-0,15113-129,0.026730821,9,0
253891-0,253922-0,0.01336541,10,0
253891-0,253910-2,0.01336541,11,0
253891-0,253907-0,0,12,0
253891-0,253914-1,0,13,0
253891-0,253891-1,0,0,1
253891-1,253923-1,25.21865889,1,0
253891-1,253891-2,13.85750729,0,1
253891-1,253899-1,7.880830904,2,0
253891-1,253923-0,4.600947522,3,0
253891-1,253899-2,0.163994169,4,0
253891-1,253908-1,0,5,0
253891-1,253922-1,0,6,0
253891-1,253891-0,0,0,1
253891-1,259782-2,0,7,0
253891-1,253914-1,0,8,0
253891-1,253912-0,0,9,0
253891-1,253908-0,0,10,0
253891-2,253899-1,28.17487856,1,0
253891-2,253899-0,20.87670599,2,0
253891-2,253891-1,10.5482304,0,1
253891-2,253891-0,1.468887347,0,1
253891-2,253890-1,0,3,0
253891-2,253922-1,0,4,0
253892-1,253912-2,28.04798962,1,0
253892-1,253902-0,5.804150454,2,0
253892-1,253892-2,4.539559014,0,1
253892-1,253940-1,2.399481193,3,0
253892-1,15579-130,0.648508431,4,0
253892-1,253921-1,0.259403372,5,0
253892-1,15579-128,0,6,0
253892-1,253940-0,0,7,0
253892-1,253892-0,0,0,1
253893-0,5641-129,13.2612782,1,0
253893-0,259778-1,12.37781955,2,0
253893-0,253893-2,11.53195489,0,1
253893-0,238397-2,10.7612782,3,0
253893-0,253905-1,5.169172932,4,0
253893-0,7400-130,3.966165414,5,0
253893-0,259772-2,1.25,6,0
253893-0,5641-128,0.761278195,7,0
253893-0,253893-1,0.056390977,0,1
253893-0,253939-0,0,8,0
253893-2,253905-1,23.66258741,1,0
253893-2,253893-0,23.4527972,0,1
253893-2,259778-1,16.31993007,2,0
253893-2,253905-0,3.190559441,3,0
253893-2,238397-2,2.106643357,4,0
253893-2,253901-2,1.232517483,5,0
253893-2,5641-129,1.197552448,6,0
253893-2,5641-128,1.057692308,7,0
253893-2,253901-1,0.244755245,8,0
253893-2,253893-1,0.052447552,0,1
253893-2,15513-128,0,9,0
253893-2,7400-130,0,10,0
253893-2,253921-2,0,11,0
253893-2,253935-0,0,12,0
253893-2,124911-1,0,13,0
253893-2,259595-2,0,14,0
253894-0,253931-2,43.56759976,1,0
253894-0,253894-2,10.15485408,0,1
253894-0,253931-0,0,2,0
253894-1,253894-2,37.07465719,0,1
253894-1,253941-2,27.65363128,1,0
253894-1,253941-0,11.14779076,2,0
253894-1,253916-2,1.701371254,3,0
253894-1,15513-129,0,4,0
253894-1,253904-1,0,5,0
253894-2,253939-0,15.49340038,1,0
253894-2,253916-2,4.255185418,2,0
253894-2,253941-2,3.544940289,3,0
253894-2,253894-0,3.104965431,0,1
253894-2,253941-0,2.388434947,4,0
253894-2,253931-2,1.514770585,5,0
253894-2,5641-129,1.294783155,6,0
253894-2,253894-1,1.062225016,0,1
253894-2,253905-1,0.52796983,7,0
253894-2,253893-0,0.201131364,8,0
253894-2,253903-1,0.201131364,9,0
253894-2,253939-2,0.150848523,10,0
253894-2,253920-2,0.087994972,11,0
253894-2,15117-130,0,12,0
253894-2,15113-129,0,13,0
253894-2,253916-1,0,14,0
253894-2,15513-128,0,15,0
253894-2,253893-1,0,16,0
253894-2,15113-130,0,17,0
253895-0,253921-1,18.57580825,1,0
253895-0,253895-1,9.573578595,0,1
253895-0,253895-2,6.52173913,0,1
253895-0,253916-0,0.696767001,2,0
253895-0,253916-1,0.348383501,3,0
253895-0,253904-1,0.04180602,4,0
253895-0,253906-0,0.01393534,5,0
253895-0,253927-1,0.01393534,6,0
253895-1,253916-1,18.73385013,1,0
253895-1,253917-2,5.766353869,2,0
253895-1,253928-0,5.43995648,3,0
253895-1,253895-2,4.712362301,0,1
253895-1,253921-1,4.515163879,4,0
253895-1,253895-0,4.059567523,0,1
253895-1,259772-2,2.264381885,5,0
253895-1,253916-0,2.175982592,6,0
253895-1,253941-1,1.244390045,7,0
253895-1,253907-2,0.475996192,8,0
253895-1,253933-1,0.16999864,9,0
253895-1,253940-1,0.095199238,10,0
253895-1,253924-2,0.020399837,11,0
253895-1,253904-1,0.013599891,12,0
253895-1,253927-1,0,13,0
253895-1,253928-2,0,14,0
253895-1,253910-2,0,15,0
253898-0,253934-2,12.76412247,1,0
253898-0,253932-2,11.88012074,2,0
253898-0,7201-128,11.75075464,3,0
253898-0,253904-0,2.846054334,4,0
253898-0,253904-1,1.423027167,5,0
253898-0,253898-2,0.021561018,0,1
253898-0,15513-128,0,6,0
253898-0,253930-129,0,7,0
253898-2,253934-2,40.1459854,1,0
253898-2,253904-0,28.20646507,2,0
253898-2,253932-2,26.69447341,3,0
253898-2,253898-0,6.360792492,0,1
253898-2,253930-129,5.578727842,4,0
253898-2,253904-1,5.526590198,5,0
253898-2,7201-128,0.886339937,6,0
253898-2,253901-0,0.46923879,7,0
253898-2,253936-2,0,8,0
253898-2,259655-1,0,9,0
253899-0,253890-1,21.66611968,1,0
253899-0,253899-2,17.4762061,0,1
253899-0,253907-0,13.00185975,2,0
253899-0,253891-2,7.85472049,3,0
253899-0,253909-2,5.316704956,4,0
253899-0,15113-129,3.227218029,5,0
253899-0,253899-1,3.205338584,0,1
253899-0,253914-1,1.564380265,6,0
253899-0,259775-1,0.913466798,7,0
253899-0,253924-0,0.382890275,8,0
253899-0,253909-1,0.218794443,9,0
253899-0,253904-1,0.202384859,10,0
253899-0,259772-0,0.202384859,11,0
253899-0,253891-0,0.060168472,12,0
253899-0,259761-0,0.016409583,13,0
253899-1,253891-2,94.19642857,1,0
253899-1,253899-0,41.74107143,0,1
253899-2,253899-0,11.85702768,0,1
253899-2,253907-0,8.868583714,1,0
253899-2,259772-1,6.299381887,2,0
253899-2,253935-1,5.052405267,3,0
253899-2,253923-2,1.021230852,4,0
253899-2,253891-2,0.679924751,5,0
253899-2,253923-0,0.352055899,6,0
253899-2,253917-2,0.008062349,7,0
253899-2,253914-1,0,8,0
253899-2,253905-0,0,9,0
253899-2,253899-1,0,0,1
253899-2,253891-0,0,10,0
253899-2,253894-0,0,11,0
253899-2,253926-0,0,12,0
253900-0,253923-1,8.478627672,1,0
253900-0,253900-2,8.464566929,0,1
253900-0,253907-1,7.353768279,2,0
253900-0,253900-1,5.441507312,0,1
253900-0,253926-1,1.51856018,3,0
253900-0,253929-1,1.349831271,4,0
253900-0,253923-2,0.520247469,5,0
253900-0,259772-1,0.05624297,6,0
253900-0,15114-128,0,7,0
253900-0,253899-1,0,8,0
253900-0,253891-1,0,9,0
253900-0,253908-1,0,10,0
253900-0,259782-2,0,11,0
253900-2,253929-1,46.89880305,1,0
253900-2,253926-1,6.311207835,2,0
253900-2,253900-0,1.305767138,0,1
253900-2,253900-1,0.27203482,0,1
253900-2,253907-1,0,3,0
253900-2,253929-0,0,4,0
253900-2,253929-2,0,5,0
253901-0,253934-2,22.22370529,1,0
253901-0,253898-2,9.770421783,2,0
253901-0,253930-128,8.255472504,3,0
253901-0,253904-0,7.487987186,4,0
253901-0,7201-128,2.802989856,5,0
253901-0,253901-2,2.122263748,0,1
253901-0,253932-2,1.107848372,6,0
253901-0,253893-2,0.887613454,7,0
253901-0,253901-1,0.527229044,0,1
253901-0,253930-130,0.080085424,8,0
253901-0,253930-129,0.033368927,9,0
253901-0,253902-1,0,10,0
253901-0,15583-128,0,11,0
253901-0,124677-1,0,12,0
253901-0,7400-128,0,13,0
253901-0,15579-129,0,14,0
253901-1,253904-2,15.48069644,1,0
253901-1,7400-128,7.305071915,2,0
253901-1,253901-2,2.157456472,0,1
253901-1,253930-130,2.100681302,3,0
253901-1,253930-129,0.492051476,4,0
253901-1,15113-130,0,5,0
253901-1,253905-0,0,6,0
253901-1,7201-128,0,7,0
253901-2,253901-0,5.190995907,0,1
253901-2,253901-1,4.63165075,0,1
253901-2,259778-0,2.4420191,1,0
253901-2,253893-2,2.319236016,2,0
253901-2,253904-2,0.716234652,3,0
253901-2,253930-130,0.70941337,4,0
253901-2,253905-0,0.259208731,5,0
253901-2,15513-128,0.115961801,6,0
253901-2,253789-1,0.013642565,7,0
253901-2,47443-0,0,8,0
253901-2,253934-2,0,9,0
253901-2,15113-130,0,10,0
253901-2,124813-0,0,11,0
253901-2,253796-2,0,12,0
253901-2,15290-129,0,13,0
253901-2,259775-2,0,14,0
253901-2,47440-2,0,15,0
253902-0,253892-1,104.7297297,1,0
253902-0,253940-1,39.86486486,2,0
253902-0,253921-1,7.432432432,3,0
253903-0,259778-2,41.60532773,1,0
253903-0,253903-2,6.677181914,0,1
253903-0,15513-128,0.94637224,2,0
253903-0,5641-128,0.578338591,3,0
253903-0,253905-2,0,4,0
253903-0,5641-130,0,5,0
253903-1,5641-130,16.53194006,1,0
253903-1,253903-2,10.44952681,0,1
253903-1,253939-2,5.461356467,2,0
253903-1,15513-128,0.650630915,3,0
253903-1,5641-128,0.128154574,4,0
253903-1,124711-0,0,5,0
253903-2,259778-2,15.28593694,1,0
253903-2,253903-0,7.786836111,0,1
253903-2,15513-128,3.446828917,2,0
253903-2,253903-1,3.099148783,0,1
253903-2,5641-130,0.641409903,3,0
253903-2,253939-2,0.227790433,4,0
253903-2,5641-128,0.215801463,5,0
253903-2,7401-128,0,6,0
253903-2,259775-1,0,7,0
253903-2,253933-2,0,8,0
253904-0,253898-2,21.02373362,1,0
253904-0,253904-1,10.8454363,0,1
253904-0,253934-2,9.139213603,2,0
253904-0,253930-129,6.435234384,3,0
253904-0,253901-0,1.706222695,4,0
253904-0,253932-2,0.915102137,5,0
253904-0,7201-128,0.554965167,6,0
253904-0,259775-0,0.165308773,7,0
253904-0,253930-128,0.159404888,8,0
253904-0,7400-129,0.159404888,9,0
253904-0,15113-130,0.017711654,10,0
253904-0,253921-0,0.01180777,11,0
253904-0,253936-2,0,12,0
253904-0,253898-0,0,13,0
253904-0,253914-2,0,14,0
253904-0,253904-2,0,0,1
253904-1,259775-2,11.49879398,1,0
253904-1,253898-2,5.277385012,2,0
253904-1,253904-0,4.412376279,0,1
253904-1,253927-0,4.0921567,3,0
253904-1,253930-129,3.992348,4,0
253904-1,253927-1,3.564002329,5,0
253904-1,7201-128,2.449471846,6,0
253904-1,259775-0,1.368210929,7,0
253904-1,7400-129,0.515678283,8,0
253904-1,259775-1,0.4990435,9,0
253904-1,253901-1,0.370123929,10,0
253904-1,253904-2,0.245363054,0,1
253904-1,253927-2,0.203776096,11,0
253904-1,253931-0,0.012476087,12,0
253904-1,253921-0,0,13,0
253904-1,238397-0,0,14,0
253904-1,15290-129,0,15,0
253904-1,253911-2,0,16,0
253904-1,124818-0,0,17,0
253904-1,259595-2,0,18,0
253904-1,124711-2,0,19,0
253904-2,7400-128,22.20104334,1,0
253904-2,253930-130,14.15529695,2,0
253904-2,253901-1,13.30256822,3,0
253904-2,253930-129,7.995585875,4,0
253904-2,253904-1,1.855939005,0,1
253904-2,259775-2,0.943017657,5,0
253904-2,15113-130,0.050160514,6,0
253904-2,253904-0,0,0,1
253904-2,253921-2,0,7,0
253904-2,7400-129,0,8,0
253905-0,253901-2,13.77410468,1,0
253905-0,253893-2,8.034894399,2,0
253905-0,259778-0,0.091827365,3,0
253905-0,253901-1,0,4,0
253905-0,253905-1,0,0,1
253905-1,253893-2,66.24685139,1,0
253905-1,259778-1,12.80436608,2,0
253905-1,253901-2,9.403862301,3,0
253905-1,253905-0,6.087321579,0,1
253905-1,253939-0,4.70193115,4,0
253905-1,5641-129,3.442485306,5,0
253905-1,7400-130,3.316540722,6,0
253905-1,253916-2,2.518891688,7,0
253905-1,253894-2,1.385390428,8,0
253905-1,253893-0,0.335852225,9,0
253905-1,7400-128,0.083963056,10,0
253905-1,253905-2,0,0,1
253905-1,15513-128,0,11,0
253907-0,253899-2,24.95518107,1,0
253907-0,259772-0,23.87952671,2,0
253907-0,259772-1,14.32413051,3,0
253907-0,253923-2,12.85406956,4,0
253907-0,253899-0,12.62101112,5,0
253907-0,253935-2,9.967730369,6,0
253907-0,253926-0,1.595553962,7,0
253907-0,253907-1,1.219074937,0,1
253907-0,259772-2,1.201147365,8,0
253907-0,253891-2,0.089637863,9,0
253907-0,253935-1,0.017927573,10,0
253907-0,253891-0,0,11,0
253907-0,15294-128,0,12,0
253907-1,253926-0,30.39844143,1,0
253907-1,253900-0,12.17320261,2,0
253907-1,253926-2,5.115635998,3,0
253907-1,253907-2,5.008798391,0,1
253907-1,253926-1,2.212166918,4,0
253907-1,253923-2,1.627702363,5,0
253907-1,253913-1,1.552287582,6,0
253907-1,253907-0,0.634741076,0,1
253907-1,253917-0,0.597033685,7,0
253907-1,253929-1,0.56561086,8,0
253907-1,259772-1,0.534188034,9,0
253907-1,253899-2,0.358220211,10,0
253907-1,253917-2,0.144544997,11,0
253907-1,259772-2,0.094268477,12,0
253907-1,15117-130,0.031422826,13,0
253907-1,253935-2,0,14,0
253907-1,253912-2,0,15,0
253907-1,259782-2,0,16,0
253907-2,259772-2,41.61521943,1,0
253907-2,253907-1,6.130049658,0,1
253907-2,253933-2,4.079989263,2,0
253907-2,253917-2,3.51966179,3,0
253907-2,253913-0,1.009931553,4,0
253907-2,253912-1,0.956247484,5,0
253907-2,253933-0,0.848879345,6,0
253907-2,253902-0,0.422762045,7,0
253907-2,253907-0,0.154341699,0,1
253907-2,253899-2,0.083881358,8,0
253907-2,253926-0,0.060394578,9,0
253907-2,259772-1,0.016776272,10,0
253907-2,253935-2,0.010065763,11,0
253907-2,253895-1,0.003355254,12,0
253907-2,253927-2,0,13,0
253907-2,124712-1,0,14,0
253907-2,253914-1,0,15,0
253907-2,253916-1,0,16,0
253907-2,253913-2,0,17,0
253907-2,253933-1,0,18,0
253907-2,253928-0,0,19,0
253908-0,253891-0,17.58358019,1,0
253908-0,253908-1,13.69022429,0,1
253908-0,253910-2,11.82818451,2,0
253908-0,253909-1,5.607278883,3,0
253908-0,259782-0,0.846381718,4,0
253908-0,253908-2,0.825222175,0,1
253908-0,253924-0,0.232754972,5,0
253908-0,253914-0,0.21159543,6,0
253908-0,259782-2,0.190435887,7,0
253908-0,253922-0,0.021159543,8,0
253908-0,253907-0,0,9,0
253908-2,253910-2,72.08480565,1,0
253908-2,253911-1,26.85512367,2,0
253908-2,253932-1,22.08480565,3,0
253908-2,253918-2,0,4,0
253910-0,253911-1,14.44502527,1,0
253910-0,253910-0,3.580763199,0,1
253910-0,253910-2,3.114654121,0,1
253910-0,253911-0,3.036243248,2,0
253910-0,253896-2,2.853284544,3,0
253910-0,253908-2,1.211012371,4,0
253910-0,253910-1,0.121972469,0,1
253910-0,253914-0,0.013068479,5,0
253910-0,253932-1,0.013068479,6,0
253910-0,253908-1,0.013068479,7,0
253910-0,253934-0,0.008712319,8,0
253910-0,253902-1,0.00435616,9,0
253910-0,253934-1,0,10,0
253910-0,253930-129,0,11,0
253910-0,253914-2,0,12,0
253910-0,15113-128,0,13,0
253910-0,253918-2,0,14,0
253910-0,7400-128,0,15,0
253910-0,253921-1,0,16,0
253910-0,15113-129,0,17,0
253910-0,124688-0,0,18,0
253910-0,253934-2,0,19,0
253910-2,253911-1,16.1726013,1,0
253910-2,253908-2,14.26065603,2,0
253910-2,253908-0,4.937730223,3,0
253910-2,253910-0,0.824416769,0,1
253910-2,253932-1,0.491141905,4,0
253910-2,253908-1,0.412208384,5,0
253910-2,253914-0,0.052622347,6,0
253910-2,253896-2,0,7,0
253910-2,253921-1,0,8,0
253910-2,253910-1,0,0,1
253910-2,253918-2,0,9,0
253910-2,7400-128,0,10,0
253911-1,253911-1,20.08154944,0,1
253911-1,253910-2,16.61569827,1,0
253911-1,253896-2,5.744866754,2,0
253911-1,253910-0,4.157565167,3,0
253911-1,253911-0,3.626037571,0,1
253911-1,253908-2,2.803261978,4,0
253911-1,253910-1,0.495121596,5,0
253911-1,253914-0,0.087374399,6,0
253911-1,253932-1,0.072811999,7,0
253911-1,15113-129,0.036406,8,0
253911-1,253908-1,0.0072812,9,0
253911-1,273933-129,0,10,0
253911-1,253918-2,0,11,0
253911-1,253934-0,0,12,0
253911-1,253921-1,0,13,0
253911-1,7400-128,0,14,0
253911-1,253902-1,0,15,0
253911-1,253914-2,0,16,0
253912-0,253935-2,11.11711387,1,0
253912-0,253912-2,6.422954559,0,1
253912-0,253912-1,4.67915241,0,1
253912-0,259772-0,3.814754787,2,0
253912-0,259772-2,3.769734078,3,0
253912-0,253890-2,3.010384777,4,0
253912-0,253935-0,1.18254397,5,0
253912-0,253907-0,0.483222282,6,0
253912-0,253899-2,0.156071793,7,0
253912-0,253890-1,0.006002761,8,0
253912-0,253921-1,0,9,0
253912-0,124673-0,0,10,0
253912-0,253902-0,0,11,0
253912-0,253891-1,0,12,0
253912-1,253902-0,8.858792185,1,0
253912-1,253912-0,8.348134991,0,1
253912-1,259772-2,7.249111901,2,0
253912-1,253933-2,2.642095915,3,0
253912-1,253907-2,1.942717584,4,0
253912-1,253935-2,0.621669627,5,0
253912-1,253912-2,0.521758437,0,1
253912-1,253917-2,0.088809947,6,0
253912-1,253935-0,0.055506217,7,0
253912-1,253927-2,0,8,0
253912-1,253910-1,0,9,0
253912-2,253912-0,28.3661608,0,1
253912-2,253890-2,24.41072005,1,0
253912-2,253892-1,5.440749112,2,0
253912-2,253892-2,5.360025831,3,0
253912-2,253890-1,0.742654181,4,0
253912-2,253892-0,0.355182435,5,0
253912-2,253912-1,0.355182435,0,1
253912-2,259772-2,0.064578624,6,0
253912-2,253921-1,0.048433968,7,0
253912-2,253935-0,0,8,0
253912-2,253940-0,0,9,0
253913-0,253907-2,18.88181883,1,0
253913-0,253933-0,6.059197827,2,0
253913-0,253933-1,6.005576607,3,0
253913-0,253917-2,4.493458211,4,0
253913-0,253916-1,0.117966683,5,0
253913-0,253913-1,0.085793952,0,1
253913-0,253913-2,0.05362122,0,1
253913-0,15114-130,0,6,0
253913-0,253905-2,0,7,0
253913-0,253890-2,0,8,0
253913-0,253891-0,0,9,0
253913-0,259772-2,0,10,0
253913-1,253926-2,28.01111797,1,0
253913-1,253907-1,14.70660902,2,0
253913-1,253917-2,14.67572576,3,0
253913-1,253917-0,7.492279185,4,0
253913-1,253929-1,3.508338481,5,0
253913-1,253913-0,3.409512044,0,1
253913-1,253926-1,3.193329216,6,0
253913-1,253907-2,2.989499691,7,0
253913-1,253913-2,0.938851143,0,1
253913-1,253916-1,0.05558987,8,0
253913-1,15117-130,0,9,0
253913-1,259781-2,0,10,0
253913-1,253935-1,0,11,0
253913-1,253933-0,0,12,0
253913-1,124818-1,0,13,0
253914-1,253890-1,35.53383459,1,0
253914-1,15113-129,20.57142857,2,0
253914-1,253935-0,12.01503759,3,0
253914-1,253899-0,6.315789474,4,0
253914-1,259772-0,5.112781955,5,0
253914-1,253935-1,3.864661654,6,0
253914-1,253904-1,0.060150376,7,0
253914-2,15113-129,1.586869786,1,0
253914-2,253914-1,1.403699674,0,1
253914-2,253909-2,0.886833515,2,0
253914-2,253935-0,0.770765325,3,0
253914-2,259772-0,0.194051505,4,0
253914-2,253907-0,0.01994922,5,0
253914-2,253914-0,0,0,1
253914-2,253911-1,0,6,0
253914-2,253892-2,0,7,0
253914-2,253940-0,0,8,0
253914-2,253933-1,0,9,0
253914-2,253917-2,0,10,0
253914-2,253913-0,0,11,0
253914-2,253907-1,0,12,0
253914-2,253899-1,0,13,0
253914-2,15114-129,0,14,0
253914-2,124683-1,0,15,0
253914-2,259761-1,0,16,0
253914-2,259761-2,0,17,0
253914-2,15290-128,0,18,0
253914-2,253936-1,0,19,0
253916-1,253941-1,12.58041458,1,0
253916-1,253895-1,9.012389802,2,0
253916-1,253913-0,6.596974029,3,0
253916-1,253917-2,6.057898499,4,0
253916-1,253928-0,5.584345961,5,0
253916-1,253921-1,3.148081963,6,0
253916-1,253916-2,2.58517989,0,1
253916-1,253933-1,1.763164165,7,0
253916-1,253895-2,1.00964975,8,0
253916-1,259772-2,0.634381701,9,0
253916-1,253916-0,0.425899452,0,1
253916-1,15113-130,0.062544675,10,0
253916-1,253927-1,0.04169645,11,0
253916-1,253920-2,0.011913271,12,0
253916-1,253907-2,0.008934954,13,0
253916-1,15513-129,0.002978318,14,0
253916-1,253906-1,0.002978318,15,0
253916-1,253922-1,0,16,0
253916-1,253936-0,0,17,0
253916-1,15113-129,0,18,0
253916-1,253890-1,0,19,0
253916-1,15311-130,0,20,0
253916-2,253941-1,80.90364453,1,0
253916-2,253939-0,11.30803794,2,0
253916-2,253894-2,6.140788817,3,0
253916-2,253916-1,2.046929606,0,1
253916-2,253895-2,1.522715926,4,0
253916-2,15113-130,0.374438342,5,0
253916-2,253939-2,0.299550674,6,0
253916-2,253893-1,0.299550674,7,0
253916-2,253939-1,0.274588118,8,0
253916-2,253905-1,0.074887668,9,0
253916-2,253906-1,0.074887668,10,0
253916-2,253893-0,0.049925112,11,0
253916-2,253903-1,0,12,0
253916-2,5641-129,0,13,0
253916-2,253916-0,0,0,1
253917-0,253907-1,55.94594595,1,0
253917-0,253926-1,45.94594595,2,0
253917-0,253913-1,35.40540541,3,0
253917-0,253926-2,20.27027027,4,0
253917-0,259772-1,16.21621622,5,0
253917-0,253929-1,15.67567568,6,0
253917-0,253917-2,12.7027027,0,1
253917-0,253923-2,9.189189189,7,0
253917-0,253926-0,1.621621622,8,0
253917-0,253916-2,0,9,0
253917-2,253916-1,26.69735328,1,0
253917-2,253926-2,20.05178366,2,0
253917-2,253913-1,17.80782509,3,0
253917-2,253917-0,16.2543153,0,1
253917-2,253941-1,15.56386651,4,0
253917-2,253933-1,14.95972382,5,0
253917-2,253913-0,7.50863061,6,0
253917-2,259772-2,5.753739931,7,0
253917-2,253907-1,4.861910242,8,0
253917-2,253895-1,3.912543153,9,0
253917-2,253907-2,2.387802071,10,0
253917-2,253895-2,0.373993096,11,0
253917-2,253928-0,0.258918297,12,0
253921-0,253940-2,19.42610063,1,0
253921-0,253921-1,15.4245283,0,1
253921-0,253927-1,6.100628931,2,0
253921-0,253921-2,3.639937107,0,1
253921-0,253936-2,0.597484277,3,0
253921-0,15113-130,0.589622642,4,0
253921-0,253906-0,0.251572327,5,0
253921-0,253912-2,0.031446541,6,0
253921-0,253904-1,0.023584906,7,0
253921-1,253921-0,11.20787312,0,1
253921-1,253940-1,10.33701501,1,0
253921-1,253895-0,9.331634098,2,0
253921-1,253895-1,2.293967715,3,0
253921-1,253916-1,1.692155197,4,0
253921-1,253940-2,0.934579439,5,0
253921-1,253906-0,0.700934579,6,0
253921-1,253928-0,0.523930898,7,0
253921-1,253917-2,0.354007363,8,0
253921-1,253921-2,0.354007363,0,1
253921-1,253927-1,0.162843387,9,0
253921-1,253892-1,0.092041914,10,0
253921-1,253912-2,0.049561031,11,0
253921-1,253892-2,0.042480884,12,0
253921-1,15113-130,0.035400736,13,0
253921-1,253936-2,0,14,0
253921-1,253940-0,0,15,0
253921-1,253913-0,0,16,0
253921-1,253904-1,0,17,0
253921-1,124812-2,0,18,0
253921-2,259772-2,12.00083368,1,0
253921-2,253927-2,6.590245936,2,0
253921-2,253921-0,2.651104627,0,1
253921-2,253921-1,1.959149646,0,1
253921-2,253912-2,1.684035015,3,0
253921-2,253940-2,0.612755315,4,0
253921-2,253927-1,0.587744894,5,0
253921-2,253904-1,0.462692789,6,0
253921-2,253931-1,0.421008754,7,0
253921-2,238397-1,0.291788245,8,0
253921-2,253932-0,0.016673614,9,0
253921-2,238397-0,0.004168404,10,0
253921-2,15113-130,0,11,0
253923-1,259772-1,14.62892587,1,0
253923-1,253923-2,12.20460403,0,1
253923-1,253923-0,6.093565719,0,1
253923-1,253900-0,4.614947801,2,0
253923-1,253891-1,2.236491504,3,0
253923-1,253899-1,0.74258507,4,0
253923-1,15114-128,0.502336959,5,0
253923-1,15114-130,0.390949198,6,0
253923-1,253891-2,0.325426986,7,0
253923-1,253899-2,0.006552221,8,0
253923-1,253922-1,0.002184074,9,0
253923-1,259782-2,0,10,0
253923-1,253904-0,0,11,0
253923-1,253912-0,0,12,0
253923-1,15113-129,0,13,0
253923-2,259772-1,31.54856688,1,0
253923-2,253923-1,6.120621019,0,1
253923-2,253899-2,1.821257962,2,0
253923-2,253907-0,1.184315287,3,0
253923-2,259772-0,0.607085987,4,0
253923-2,253935-2,0.42794586,5,0
253923-2,253899-1,0.408041401,6,0
253923-2,253899-0,0.039808917,7,0
253923-2,15114-130,0.029856688,8,0
253923-2,253923-0,0,0,1
253923-2,253926-0,0,9,0
253923-2,253906-0,0,10,0
253926-0,253907-1,34.66745144,1,0
253926-0,259772-1,9.741024132,2,0
253926-0,253907-0,0.559152443,3,0
253926-0,253899-2,0.353148911,4,0
253926-0,253907-2,0.323719835,5,0
253926-0,253917-2,0,6,0
253926-0,253926-1,0,0,1
253926-0,253926-2,0,0,1
253926-1,253913-1,66.45962733,1,0
253926-1,253929-1,42.85714286,2,0
253926-1,253907-1,32.60869565,3,0
253926-1,253917-0,18.01242236,4,0
253926-1,15117-130,2.48447205,5,0
253926-1,253917-2,1.863354037,6,0
253926-2,253913-1,22.18606048,1,0
253926-2,253907-1,18.30062087,2,0
253926-2,253917-2,5.858201482,3,0
253926-2,253926-0,3.529941919,0,1
253926-2,253917-0,2.388343681,4,0
253926-2,253907-2,2.072902063,5,0
253926-2,253926-1,1.306829561,0,1
253926-2,124818-1,0.030042059,6,0
253926-2,15116-130,0,7,0
253926-2,253935-1,0,8,0
253927-1,253921-0,11.7946346,1,0
253927-1,253904-1,4.995374653,2,0
253927-1,253940-2,4.884366327,3,0
253927-1,253927-0,1.933395005,0,1
253927-1,253936-2,0.19426457,4,0
253927-1,7201-128,0.092506938,5,0
253927-1,253927-2,0.018501388,0,1
253927-1,238397-0,0,6,0
253927-1,7400-129,0,7,0
253927-2,259772-2,55.35760062,1,0
253927-2,253921-2,37.79800051,2,0
253927-2,253904-1,7.587798001,3,0
253927-2,238397-1,7.267367342,4,0
253927-2,253931-0,3.806716227,5,0
253927-2,253931-1,2.640348629,6,0
253927-2,253940-2,0.717764676,7,0
253927-2,253927-1,0.294796206,0,1
253927-2,238397-0,0.115355037,8,0
253927-2,253904-2,0,9,0
253927-2,253932-0,0,10,0
253929-0,253929-1,121.9723183,0,1
253929-0,253907-1,8.30449827,1,0
253929-0,253900-2,0,2,0
253929-1,253929-0,15.54995065,0,1
253929-1,253907-1,9.518587564,1,0
253929-1,253926-1,7.292466279,2,0
253929-1,253913-1,3.860072376,3,0
253929-1,253900-2,2.039697335,4,0
253929-1,253917-0,1.156925101,5,0
253929-1,253917-2,0.515407391,6,0
253929-1,253916-2,0.120627262,7,0
253929-1,253923-2,0.115144204,8,0
253929-1,253926-2,0.076762803,9,0
253929-1,124818-1,0.032898344,10,0
253929-1,253900-0,0.032898344,11,0
253929-1,15114-130,0.032898344,12,0
253929-1,253926-0,0.005483057,13,0
253929-1,253899-2,0.005483057,14,0
253929-1,253929-2,0,0,1
253929-1,259772-0,0,15,0
253929-1,15496-129,0,16,0
253929-1,253924-2,0,17,0
253929-1,47470-0,0,18,0
253930-128,253901-0,49.18200409,1,0
253930-128,253898-2,6.952965235,2,0
253930-128,253934-2,5.623721881,3,0
253930-128,7201-128,0.715746421,4,0
253930-128,253930-129,0.204498978,0,1
253930-128,253901-1,0,5,0
253930-128,7400-128,0,6,0
253930-128,15583-128,0,7,0
253930-130,253930-129,27.89827973,0,1
253930-130,253904-2,20.64323111,1,0
253930-130,7400-128,18.99775617,2,0
253930-130,253901-1,13.83694839,3,0
253930-130,259775-2,0.037397158,4,0
253931-0,238397-1,16.85606061,1,0
253931-0,253931-2,10.66287879,0,1
253931-0,259772-2,5.113636364,2,0
253931-0,253927-2,4.356060606,3,0
253931-0,253931-1,3.598484848,0,1
253931-0,253921-2,1.78030303,4,0
253931-0,238397-0,0.587121212,5,0
253931-0,253904-1,0.132575758,6,0
253931-0,253894-0,0.132575758,7,0
253931-0,253917-2,0,8,0
253931-0,253904-2,0,9,0
253931-2,253894-0,18.94130356,1,0
253931-2,253931-0,14.02592726,0,1
253931-2,253931-1,7.52610731,0,1
253931-2,238397-1,1.53042852,2,0
253931-2,5641-129,0,3,0
253932-1,253910-2,50.94452177,1,0
253932-1,253934-2,25.47226089,2,0
253932-1,253934-0,15.88785047,3,0
253932-1,253908-2,14.11811493,4,0
253932-1,253911-1,3.49970173,5,0
253932-1,253910-0,0.099423345,6,0
253932-1,253898-1,0.049711672,7,0
253932-1,253911-2,0.039769338,8,0
253932-1,253930-128,0.029827003,9,0
253932-1,15113-128,0,10,0
253932-1,253918-2,0,11,0
253932-1,253934-1,0,12,0
253932-1,253896-2,0,13,0
253932-1,253930-129,0,14,0
253932-1,259595-1,0,15,0
253933-0,253933-2,25.25048481,0,1
253933-0,253933-1,16.14414997,0,1
253933-0,253907-2,2.06043956,1,0
253933-0,253917-2,0.557530705,2,0
253933-0,259772-2,0.517129929,3,0
253933-0,253913-0,0.105042017,4,0
253933-0,253902-1,0,5,0
253933-1,253913-0,12.79254022,1,0
253933-1,253933-0,10.08654315,0,1
253933-1,253917-2,4.997562165,2,0
253933-1,253916-1,4.132130668,3,0
253933-1,253928-0,3.85177962,4,0
253933-1,253907-2,2.687713311,5,0
253933-1,253912-1,0.859336909,6,0
253933-1,253890-2,0.670404681,7,0
253933-1,253916-2,0.585080449,8,0
253933-1,253903-0,0.390053632,9,0
253933-1,253928-1,0.06094588,10,0
253933-1,15113-130,0.042662116,11,0
253933-1,253933-2,0.018283764,0,1
253933-1,259772-2,0.018283764,12,0
253933-1,253891-0,0.006094588,13,0
253933-1,15579-130,0,14,0
253933-1,5641-128,0,15,0
253933-1,253913-2,0,16,0
253933-1,253926-2,0,17,0
253933-1,253950-0,0,18,0
253933-1,253930-129,0,19,0
253933-2,253933-0,22.24809886,0,1
253933-2,253907-2,9.653041825,1,0
253933-2,259772-2,8.498098859,2,0
253933-2,253917-2,5.180608365,3,0
253933-2,253912-1,2.571292776,4,0
253933-2,253902-0,1.25,5,0
253933-2,253933-1,0.66539924,0,1
253933-2,253895-1,0.147338403,6,0
253933-2,253912-0,0.095057034,7,0
253933-2,253913-0,0,8,0
253933-2,253940-1,0,9,0
253934-0,253932-1,19.08674268,1,0
253934-0,253934-2,3.180192265,0,1
253934-0,253910-2,1.665548849,2,0
253934-0,253908-2,0.229152694,3,0
253934-0,253934-1,0.167672703,0,1
253934-0,253911-2,0.055890901,4,0
253934-0,253901-0,0.02794545,5,0
253934-0,253898-1,0.01117818,6,0
253934-0,253933-0,0,7,0
253934-0,253890-0,0,8,0
253934-0,15113-128,0,9,0
253934-0,253921-1,0,10,0
253934-0,253898-2,0,11,0
253934-1,253890-0,11.71875,1,0
253934-1,253934-0,6.848958333,0,1
253934-1,15113-128,3.125,2,0
253934-1,253934-2,0.364583333,0,1
253934-1,253932-1,0.3125,3,0
253934-1,15113-129,0.15625,4,0
253934-1,253914-2,0.078125,5,0
253934-2,253932-1,23.28266377,1,0
253934-2,253932-2,12.47195078,2,0
253934-2,253936-0,7.857401375,3,0
253934-2,7201-128,6.999638075,4,0
253934-2,253898-2,6.373507058,5,0
253934-2,15113-128,5.403546869,6,0
253934-2,253904-0,3.698878031,7,0
253934-2,253898-0,3.633731451,8,0
253934-2,253910-2,3.593919653,9,0
253934-2,253934-0,1.85305827,0,1
253934-2,253901-0,0.698516106,10,0
253934-2,253936-2,0.307636627,11,0
253934-2,7202-129,0.282301846,12,0
253934-2,259775-0,0.267824828,13,0
253934-2,15472-129,0.246109301,14,0
253934-2,253911-2,0.057908071,15,0
253934-2,253904-1,0.028954035,17,0
253934-2,253898-1,0.028954035,16,0
253934-2,253930-129,0.018096272,18,0
253934-2,253914-1,0,22,0
253934-2,47444-1,0,23,0
253934-2,253921-1,0,19,0
253934-2,7202-130,0,20,0
253934-2,253916-1,0,21,0
253934-2,253934-1,0,0,1
253935-0,259772-0,11.13889958,1,0
253935-0,253914-1,5.548608439,2,0
253935-0,253890-1,5.093305117,3,0
253935-0,253914-2,4.046428113,4,0
253935-0,253935-1,3.552648455,0,1
253935-0,253935-2,3.139027831,0,1
253935-0,15113-129,1.989547262,5,0
253935-0,253912-0,1.965499551,6,0
253935-0,253907-0,1.806784661,7,0
253935-0,253909-2,1.013210209,8,0
253935-0,253899-2,0.415223804,9,0
253935-0,253890-2,0.193984866,10,0
253935-0,253899-0,0.006412723,11,0
253935-0,124818-0,0.001603181,12,0
253935-0,253905-1,0,13,0
253935-0,253912-1,0,14,0
253935-0,253918-1,0,15,0
253935-0,253892-2,0,16,0
253935-0,15290-129,0,17,0
253935-0,124673-2,0,18,0
253935-0,253930-130,0,19,0
253935-0,253917-2,0,20,0
253935-0,253903-1,0,21,0
253935-0,259775-2,0,22,0
253935-0,253921-0,0,23,0
253935-0,253923-0,0,24,0
253935-1,253899-2,13.36397059,1,0
253935-1,253914-1,2.502297794,2,0
253935-1,253935-0,2.405790441,0,1
253935-1,259772-0,1.178768382,3,0
253935-1,253935-2,0.098805147,0,1
253935-1,253899-0,0.059742647,4,0
253935-1,253907-0,0.004595588,5,0
253935-1,253940-2,0,6,0
253935-1,253905-0,0,7,0
253935-1,253917-0,0,8,0
253935-1,253913-2,0,9,0
253935-1,253926-1,0,10,0
253935-2,259772-0,21.81894967,1,0
253935-2,253912-0,8.761862175,2,0
253935-2,259772-2,6.528543747,3,0
253935-2,253935-0,5.594475083,0,1
253935-2,253907-0,2.347592786,4,0
253935-2,253912-1,0.476971233,5,0
253935-2,253914-1,0.367665325,6,0
253935-2,253935-1,0.285685895,0,1
253935-2,253899-2,0.166443086,7,0
253935-2,253923-2,0.034779152,8,0
253935-2,253900-2,0,9,0
253935-2,259761-2,0,10,0
253935-2,253939-2,0,11,0
253936-0,259775-1,11.41627383,1,0
253936-0,253898-1,6.384505022,2,0
253936-0,253936-2,6.128304981,0,1
253936-0,253936-1,5.410944866,0,1
253936-0,253934-2,3.699528592,3,0
253936-0,253898-0,0.368928059,4,0
253936-0,253908-1,0.256200041,5,0
253936-0,253904-1,0.12297602,6,0
253936-0,253932-1,0.12297602,7,0
253936-0,15113-128,0.081984013,8,0
253936-0,253930-129,0.040992007,9,0
253936-0,253911-2,0.030744005,10,0
253936-0,15113-130,0.010248002,11,0
253936-0,253908-2,0,12,0
253936-0,253934-1,0,13,0
253936-0,253940-0,0,14,0
253936-0,253914-2,0,15,0
253936-0,253932-2,0,16,0
253936-1,259775-1,24.64742539,1,0
253936-1,253890-2,13.28304362,2,0
253936-1,15113-130,7.461462775,3,0
253936-1,253935-0,7.248278124,4,0
253936-1,253914-2,2.443424073,5,0
253936-1,253890-0,2.131846507,6,0
253936-1,253904-1,1.361102001,7,0
253936-1,253936-2,0.180387012,0,1
253936-1,253890-1,0.098392916,8,0
253936-1,253936-0,0.016398819,0,1
253936-1,15113-129,0.016398819,9,0
253936-2,259775-1,38.84423503,1,0
253936-2,253936-1,20.30210643,0,1
253936-2,253904-1,9.257206208,2,0
253936-2,253936-0,0.485033259,0,1
253936-2,253898-1,0.277161863,3,0
253939-0,253939-2,7.434823091,0,1
253939-0,253894-2,5.642458101,1,0
253939-0,253916-2,5.232774674,2,0
253939-0,7400-130,4.622905028,3,0
253939-0,253905-1,1.983240223,4,0
253939-0,5641-130,1.066108007,5,0
253939-0,5641-129,0.849627561,6,0
253939-0,253939-1,0.509776536,0,1
253939-0,253893-0,0.412011173,7,0
253939-0,253903-1,0.381750466,8,0
253939-0,253893-1,0.302607076,9,0
253939-0,253930-129,0.286312849,10,0
253939-0,253941-2,0.076815642,11,0
253939-0,253941-0,0.01396648,12,0
253939-0,15513-128,0.009310987,13,0
253939-0,259778-1,0.004655493,14,0
253939-0,274161-130,0.002327747,15,0
253939-0,15311-129,0,16,0
253939-0,253920-1,0,17,0
253939-0,253920-2,0,18,0
253939-0,15115-129,0,19,0
253939-0,253916-0,0,20,0
253939-0,5660-129,0,21,0
253939-0,15113-130,0,22,0
253939-0,253894-0,0,23,0
253939-0,253937-1,0,24,0
253939-0,15116-129,0,25,0
253939-0,238397-2,0,26,0
253939-2,5641-130,35.12266928,1,0
253939-2,253939-0,31.08930324,0,1
253939-2,253903-1,1.246319921,2,0
253939-2,253939-1,0.009813543,0,1
253939-2,253916-2,0.009813543,3,0
253939-2,5660-129,0,4,0
253939-2,253893-1,0,5,0
253939-2,7203-130,0,6,0
253939-2,7401-130,0,7,0
253940-1,253892-1,21.97066327,1,0
253940-1,253921-1,19.45153061,2,0
253940-1,253902-0,11.54336735,3,0
253940-1,253921-0,2.646683673,4,0
253940-1,253902-2,0.956632653,5,0
253940-1,253895-0,0.159438776,6,0
253940-1,15113-130,0.095663265,7,0
253940-1,253912-2,0.031887755,8,0
253940-1,253940-0,0,0,1
253940-1,253900-2,0,9,0
253940-1,253910-1,0,10,0
253940-2,253921-0,57.87965616,1,0
253940-2,253921-1,39.68481375,2,0
253940-2,253927-1,8.452722063,3,0
253940-2,253904-1,4.297994269,4,0
253940-2,253921-2,1.432664756,5,0
253940-2,253912-2,0.859598854,6,0
253941-0,253941-2,53.99473222,0,1
253941-0,253941-1,1.404741001,0,1
253941-0,253916-2,0.395083406,1,0
253941-0,253906-1,0,2,0
253941-1,253916-2,27.81597573,1,0
253941-1,253916-1,9.656218402,2,0
253941-1,253941-0,8.725985844,0,1
253941-1,253895-2,3.953488372,3,0
253941-1,253917-2,1.294236603,4,0
253941-1,253941-2,1.263902932,0,1
253941-1,253906-1,1.162790698,5,0
253941-1,259772-2,0.535894843,6,0
253941-1,253916-0,0.444893832,7,0
253941-1,15113-130,0.182002022,8,0
253941-1,253928-0,0.060667341,9,0
253941-1,253907-2,0.03033367,10,0
253941-1,253933-1,0.010111223,11,0
253941-1,253909-2,0,12,0
253941-1,253926-1,0,13,0
253941-1,253921-1,0,14,0
253941-1,253922-1,0,15,0
253941-2,253894-1,33.32063976,1,0
253941-2,253941-0,14.72772277,0,1
253941-2,253916-2,1.646991622,2,0
253941-2,253894-2,0.142802742,3,0
253941-2,253906-1,0.057121097,4,0
253941-2,253916-0,0,5,0
253941-2,253913-0,0,6,0
253941-2,253941-1,0,0,1
259772-0,253935-2,14.46555573,1,0
259772-0,253907-0,14.38768624,2,0
259772-0,253935-0,6.117946322,3,0
259772-0,259772-1,5.235425427,0,1
259772-0,253923-2,4.817525827,4,0
259772-0,259772-2,2.071328454,0,1
259772-0,253899-2,1.954524217,5,0
259772-0,253912-0,1.256294451,6,0
259772-0,253935-1,0.802055755,7,0
259772-0,253914-1,0.581425531,8,0
259772-0,253890-1,0.389347454,9,0
259772-0,15113-129,0.08565644,10,0
259772-0,253912-1,0.007786949,11,0
259772-0,259761-2,0,12,0
259772-0,15496-129,0,13,0
259772-1,253899-2,17.9761172,1,0
259772-1,253923-2,13.08383602,2,0
259772-1,253907-0,8.290040625,3,0
259772-1,253926-0,4.361689031,4,0
259772-1,259772-0,2.295949772,0,1
259772-1,253935-2,1.834297673,5,0
259772-1,253907-1,0.685707251,6,0
259772-1,253899-0,0.264680537,7,0
259772-1,253935-1,0.121876154,8,0
259772-1,253923-1,0.110796504,9,0
259772-1,253899-1,0.013541795,10,0
259772-1,253917-2,0.001231072,11,0
259772-1,253917-1,0,12,0
259772-1,259682-2,0,13,0
259772-1,253929-0,0,14,0
259772-1,15579-129,0,15,0
259772-1,253929-2,0,16,0
259772-1,253930-128,0,17,0
259772-1,253923-0,0,18,0
259772-2,253907-2,113.9784946,1,0
259772-2,253899-2,1.612903226,2,0
259772-2,253933-0,0,3,0
259772-2,253907-1,0,4,0
259772-2,253907-0,0,5,0
259775-1,253904-1,11.70898438,1,0
259775-1,253936-2,11.3671875,2,0
259775-1,253936-1,2.75390625,3,0
259775-1,259775-2,1.953125,0,1
259775-1,253936-0,1.50390625,4,0
259775-1,15113-130,0.09765625,5,0
259775-1,253898-1,0.078125,6,0
259775-1,259775-0,0.029296875,0,1
259775-1,259655-1,0,7,0
259775-2,253904-1,55.12465374,1,0
259775-2,259775-1,9.002770083,0,1
259775-2,253898-2,0.484764543,2,0
259775-2,259775-0,0.450138504,0,1
259775-2,253927-0,0.173130194,3,0
259778-0,253901-2,14.3156913,1,0
259778-0,253905-2,10.45698298,2,0
259778-0,259778-1,4.581487526,0,1
259778-0,15513-128,2.26159944,3,0
259778-0,253904-2,1.597108883,4,0
259778-0,47443-0,0.489624621,5,0
259778-0,124813-0,0.291443227,6,0
259778-0,253789-1,0.186523665,7,0
259778-0,259778-2,0.081604104,0,1
259778-0,253789-2,0.069946374,8,0
259778-0,15476-128,0.023315458,9,0
259778-0,47444-1,0.011657729,10,0
259778-0,253930-130,0,11,0
259778-1,253905-1,17.37710019,1,0
259778-1,253905-2,14.81020535,2,0
259778-1,253893-2,11.72993155,3,0
259778-1,253893-0,10.03422526,4,0
259778-1,238397-2,1.711263223,5,0
259778-1,259778-2,1.275668948,0,1
259778-1,5641-129,0.342252645,6,0
259778-1,7400-130,0.062227754,7,0
259778-1,5641-128,0,8,0
259778-1,15513-128,0,9,0
259778-1,259778-0,0,0,1
259778-1,15478-130,0,10,0
259778-1,253811-2,0,11,0
259778-1,259772-2,0,12,0
259778-2,259778-1,16.43433602,0,1
259778-2,253903-0,11.32611886,1,0
259778-2,253905-2,7.024944974,2,0
259778-2,259778-0,5.585106383,0,1
259778-2,253903-2,1.155539252,3,0
259778-2,15513-128,0.431034483,4,0
259778-2,5641-130,0,5,0
259778-2,5641-128,0,6,0
259778-2,253893-1,0,7,0
259778-2,253936-0,0,8,0
259778-2,124683-1,0,9,0
259778-2,253905-1,0,10,0
5641-129,253893-1,18.55247757,1,0
5641-129,253893-0,15.37261022,2,0
5641-129,253939-0,2.058134998,3,0
5641-129,5641-128,1.560671089,0,1
5641-129,253916-2,0.936402653,4,0
5641-129,5641-130,0.682793601,0,1
5641-129,253894-2,0.526726492,5,0
5641-129,253903-1,0.029262583,6,0
5641-129,253905-1,0,7,0
5641-129,7400-130,0,8,0
5641-129,7202-129,0,9,0
5641-129,253906-2,0,10,0
5641-130,253903-1,23.46606561,1,0
5641-130,253939-2,21.08064112,2,0
5641-130,253939-0,17.15502129,3,0
5641-130,253893-1,5.616078137,4,0
5641-130,5641-129,4.927372903,0,1
5641-130,7400-130,0.256699224,5,0
5641-130,5641-128,0.118958177,0,1
5641-130,253905-1,0.050087653,6,0
5641-130,253916-2,0.006260957,7,0
5641-130,15513-128,0,8,0
5641-130,7401-130,0,9,0
5641-130,15579-129,0,10,0
5641-130,253903-2,0,11,0
5641-130,253923-2,0,12,0
7201-128,253934-2,59.48509485,1,0
7201-128,253932-2,17.68292683,2,0
7201-128,7202-129,2.642276423,3,0
7201-128,253898-0,2.16802168,4,0
7201-128,253932-1,0.745257453,5,0
7201-128,253910-2,0.677506775,6,0
7201-128,253904-1,0.135501355,7,0
7201-128,253901-0,0,8,0
7201-128,124673-1,0,9,0
7201-128,253930-129,0,10,0
7201-128,15113-128,0,11,0
7400-128,253904-2,34.98924731,1,0
7400-128,253930-130,25.5483871,2,0
7400-128,253930-129,10.79569892,3,0
7400-128,253901-1,7.182795699,4,0
7400-130,238397-2,300,1,0
